<?xml version="1.0" encoding="UTF-8"?>
<users>
	<user name="jim">
		<attributes>
			<attribute name="password">
				<value>test</value>
			</attribute>
			<attribute name="authnContext">
				<value>urn:oasis:names:tc:SAML:2.0:ac:classes:Password</value>
			</attribute>
			<attribute name="email">
				<value>test1@pingidentity.com</value>
			</attribute>
			<attribute name="email">
				<value>test2@pingidentity.com</value>
			</attribute>
		</attributes>
	</user>
	<user name="sally">
		<attributes>
			<attribute name="password">
				<value>test</value>
			</attribute>
			<attribute name="authnContext">
				<value>urn:oasis:names:tc:SAML:2.0:ac:classes:Password</value>
			</attribute>
		</attributes>
	</user>
	<user name="sp">
		<attributes>
			<attribute name="password">
				<value>test</value>
			</attribute>
			<attribute name="authnContext">
				<value>urn:oasis:names:tc:SAML:2.0:ac:classes:Password</value>
			</attribute>
		</attributes>
	</user>
</users>
