<?xml version="1.0" encoding="UTF-8"?>
<!--
 * Copyright 2020 Ping Identity Corporation.
 *
 * Ping Identity reserves all rights in the program as delivered. Unauthorized use, copying,
 * modification, reverse engineering, disassembling, attempt to discover any source code or
 * underlying ideas or algorithms, creating other works from it, and distribution of this
 * program is strictly prohibited. The program or any portion thereof may not be used or
 * reproduced in any form whatsoever except as provided by a license without the written
 * consent of Ping Identity. A license under Ping Identity's rights in the program may be
 * available directly from Ping Identity.
 */
-->
<mule xmlns:xsi="http://www.w3.org/2001/XMLSchema-instance"
      xmlns:ee="http://www.mulesoft.org/schema/mule/ee/core"
      xmlns:os="http://www.mulesoft.org/schema/mule/os"
      xmlns:http-policy="http://www.mulesoft.org/schema/mule/http-policy"
      xmlns:http-transform="http://www.mulesoft.org/schema/mule/http-policy-transform"
      xmlns:doc="http://www.mulesoft.org/schema/mule/documentation"
      xmlns:scripting="http://www.mulesoft.org/schema/mule/scripting"
      xmlns:validation="http://www.mulesoft.org/schema/mule/validation"
      xmlns:compression="http://www.mulesoft.org/schema/mule/compression"
      xmlns="http://www.mulesoft.org/schema/mule/core"
      xsi:schemaLocation="http://www.mulesoft.org/schema/mule/core http://www.mulesoft.org/schema/mule/core/current/mule.xsd
              http://www.mulesoft.org/schema/mule/http-policy http://www.mulesoft.org/schema/mule/http-policy/current/mule-http-policy.xsd
              http://www.mulesoft.org/schema/mule/http-policy-transform http://www.mulesoft.org/schema/mule/http-policy-transform/current/mule-http-policy-transform.xsd
              http://www.mulesoft.org/schema/mule/validation http://www.mulesoft.org/schema/mule/validation/current/mule-validation.xsd
              http://www.mulesoft.org/schema/mule/scripting http://www.mulesoft.org/schema/mule/scripting/current/mule-scripting.xsd
              http://www.mulesoft.org/schema/mule/compression http://www.mulesoft.org/schema/mule/compression/current/mule-compression.xsd
              http://www.mulesoft.org/schema/mule/ee/core http://www.mulesoft.org/schema/mule/ee/core/current/mule-ee.xsd
              http://www.mulesoft.org/schema/mule/os http://www.mulesoft.org/schema/mule/os/current/mule-os.xsd">
    <http-policy:proxy name="policy-deployment">
        <http-policy:source propagateMessageTransformations="true">
            <set-variable variableName="paz_token" value="{{ PAZ-TOKEN }}"/>
            <set-variable variableName="paz_host" value="{{ PAZ-HOST }}"/>
            <set-variable variableName="paz_backend_host" value="{{ BACKEND-HOST }}"/>
            <set-variable variableName="paz_scheme" value="{{ CONNECTION-SCHEME }}"/>
            <set-variable variableName="paz_allow_ss_cert" value="{{ AllowSSCert }}"/>
            <set-variable variableName="paz_connection_timeout" value="{{ CTimeout }}"/>
            <set-variable variableName="paz_read_timeout" value="{{ RTimeout }}"/>
            <set-variable variableName="request_method" value="#[attributes.method]"/>
            <set-variable variableName="request_version" value="#[attributes.version]"/>
            <set-variable variableName="payload" value="#[payload]" mimeType="application/java" />
            <set-variable variableName="payload_was_mime_type" value="#[payload.^mimeType]" />
            <set-variable variableName="token_type" value="{{ TOKEN-TYPE }}"/>
            <set-variable variableName="use_parsed_token" value="#[vars.token_type != 'authHeader']"/>
            <set-variable variableName="parsed_token" value="#[{}]" mimeType="application/java"/>
            <set-variable variableName="debugLogging" value="{{ DEBUG-LOG }}"/>

            <try>
                <choice>
                    <when expression="#[vars.token_type == 'hardCoded']">
                        <set-variable variableName="parsed_token" value="#[{}]" mimeType="application/java"/>
                        {{#each TEST-TOKEN}}
                            <set-variable variableName="loop_key" value="{{ this.key }}"/>
                            <set-variable variableName="loop_value" value="{{ this.value }}"/>
                            <set-variable variableName="parsed_token"  value="#[import mergeWith from dw::core::Objects output application/java --- vars.parsed_token mergeWith { (vars.loop_key): vars.loop_value }]"/>
                        {{/each}}
                    </when>
                    <when expression="#[vars.token_type == 'parsedToken']">
                        <set-variable variableName="parsed_token" value="{{ TOKEN-EXPRESSION }}" mimeType="application/java"/>
                    </when>
                </choice>
                <scripting:execute engine="Groovy" target="targetMap">
                    <scripting:code>${file::request-script.groovy}</scripting:code>
                    <scripting:parameters><![CDATA[#[{
                    requestBody: write(vars.payload, "text/plain", {"encoding": "UTF-8"}),
                    parsedToken: write(vars.parsed_token, "application/json")
                        }]]]></scripting:parameters>
                </scripting:execute>
                <set-variable variableName="target_map" value="#[vars.targetMap]" mimeType="application/java"/>
                <choice>
                    <when expression="#[vars.target_map['status'] == 200]">
                        <choice>
                            <when expression="#[vars.target_map['respondNow']]">
                                <http-transform:set-response statusCode="#[vars.target_map['response_code']]"
                                                             reasonPhrase="#[vars.target_map['response_status']]">
                                    <http-transform:body>#[vars.target_map['body']]</http-transform:body>
                                    <http-transform:headers>#[vars.target_map['headers']]</http-transform:headers>
                                </http-transform:set-response>
                            </when>
                            <otherwise>
                                <!-- Parse the returned (and maybe modified) body back to the original content type -->
                                <!-- NOTE: PingAuthorize currently only supports application/json -->
                                <choice>
                                    <when expression="#[vars.target_map['body'] != null and vars.payload_was_mime_type == 'text/plain']">
                                        <set-variable variableName="body_decoded" value="#[output text/plain --- read(vars.target_map['body'], 'text/plain')]" mimeType="text/plain" />
                                    </when>
                                    <when expression="#[vars.target_map['body'] != null and vars.payload_was_mime_type == 'application/xml']">
                                        <set-variable variableName="body_decoded" value="#[output application/xml --- read(vars.target_map['body'], 'application/xml')]" mimeType="application/xml" />
                                    </when>
                                    <when expression="#[vars.target_map['body'] != null]">
                                        <set-variable variableName="body_decoded" value="#[output application/json --- read(vars.target_map['body'], 'application/json')]" mimeType="application/json" />
                                    </when>
                                    <otherwise>
                                        <set-variable variableName="body_decoded" value="#[ null ]" />
                                    </otherwise>
                                </choice>
                                <http-transform:set-requester-request requestPath="#[vars.target_map['requestPath']]">
                                    <http-transform:body>#[vars.body_decoded]</http-transform:body>
                                    <http-transform:headers>#[vars.target_map['headers']]</http-transform:headers>
                                    <http-transform:query-params>#[vars.target_map['queryParams']]</http-transform:query-params>
                                </http-transform:set-requester-request>
                                <ee:transform>
                                    <ee:message>
                                        <ee:set-attributes><![CDATA[
%dw 2.0
output application/java
---
vars.target_map['builtAttributes']
                                        ]]></ee:set-attributes>
                                    </ee:message>
                                </ee:transform>
                                <set-variable variableName="shouldContinue" value="#[true]"/>
                            </otherwise>
                        </choice>
                    </when>
                    <otherwise>
                        <http-transform:set-response statusCode="502" reasonPhrase="Bad Gateway">
                            <http-transform:body>#["An unexpected error occurred. Please contact your administrator."]
                            </http-transform:body>
                            <http-transform:headers>#[{ 'Content-Type': "text/plain" }]</http-transform:headers>
                        </http-transform:set-response>
                        <!--No log statement here because in this case logging is handled by the Groovy script.-->
                    </otherwise>
                </choice>
                <error-handler>
                    <on-error-propagate>
                        <http-transform:set-response statusCode="502" reasonPhrase="Bad Gateway">
                            <http-transform:body>#["An unexpected error occurred. Please contact your administrator."]
                            </http-transform:body>
                            <http-transform:headers>#[{ 'Content-Type': "text/plain" }]</http-transform:headers>
                        </http-transform:set-response>
                        <logger message="Mule error in processing request.  Error type: #[error.errorType]"/>
                    </on-error-propagate>
                </error-handler>
            </try>
            <choice>
                <when expression="#[vars.shouldContinue]">
                    <try>
                        <http-policy:execute-next/>
                        <error-handler>
                            <on-error-continue>
                                <logger message="An error occurred elsewhere in the flow. Continuing execution.  Error type: #[error.errorType]"/>
                            </on-error-continue>
                        </error-handler>
                    </try>
                    <choice>
                        <when expression="#[attributes.headers.'content-encoding' == 'gzip']">
                            <try>
                                <compression:decompress target="response_body" outputMimeType="application/java">
                                    <compression:decompressor>
                                        <compression:gzip-decompressor/>
                                    </compression:decompressor>
                                </compression:decompress>
                                <set-variable variableName="gzip_decompressed" value="#[true]"/>
                                <error-handler>
                                    <on-error-propagate>
                                        <http-transform:set-response statusCode="502" reasonPhrase="Bad Gateway">
                                            <http-transform:body>#["An unexpected error occurred. Please contact your administrator."]
                                            </http-transform:body>
                                            <http-transform:headers>#[{ 'Content-Type': "text/plain" }]</http-transform:headers>
                                        </http-transform:set-response>
                                        <logger message="Mule error in decoding server response.  Error type: #[error.errorType]"/>
                                    </on-error-propagate>
                                </error-handler>
                            </try>
                        </when>
                        <otherwise>
                            <set-variable variableName="response_body" value="#[payload]" mimeType="application/java"/>
                            <set-variable variableName="gzip_decompressed" value="#[false]"/>
                        </otherwise>
                    </choice>
                </when>
            </choice>
            <try>
                <choice>
                    <when expression="#[(vars.target_map['status'] == 200) and not vars.target_map['respondNow']]">
                        <set-variable variableName="paz_token" value="{{ PAZ-TOKEN }}"/>
                        <set-variable variableName="paz_host" value="{{ PAZ-HOST }}"/>
                        <set-variable variableName="paz_scheme" value="{{ CONNECTION-SCHEME }}"/>
                        <set-variable variableName="paz_allow_ss_cert" value="{{ AllowSSCert }}"/>
                        <set-variable variableName="paz_connection_timeout" value="{{ CTimeout }}"/>
                        <set-variable variableName="paz_read_timeout" value="{{ RTimeout }}"/>
                        <set-variable variableName="state" value="#[vars.target_map['state']]"/>
                        <set-variable variableName="base_url" value="#[vars.target_map['base_url']]"/>
                        <set-variable variableName="orig_url" value="#[vars.target_map['orig_url']]"/>
                        <scripting:execute engine="Groovy" target="responseMap">
                            <scripting:code>${file::response-script.groovy}</scripting:code>
                            <scripting:parameters><![CDATA[#[{
                    responseBody: write(vars.'response_body', "text/plain", {"encoding": "UTF-8"})
                        }]]]></scripting:parameters>
                        </scripting:execute>
                        <set-variable variableName="response_map" value="#[vars.responseMap]"
                                      mimeType="application/java"/>
                        <choice>
                            <when expression="#[vars.response_map['status'] == 200]">
                                <http-transform:set-response statusCode="#[vars.response_map['response_code']]"
                                                             reasonPhrase="#[vars.response_map['response_status']]">
                                    <http-transform:body>#[vars.response_map['body']]</http-transform:body>
                                    <http-transform:headers>#[vars.response_map['headers']]</http-transform:headers>
                                </http-transform:set-response>
                            </when>
                            <otherwise>
                                <http-transform:set-response statusCode="502" reasonPhrase="Bad Gateway">
                                    <http-transform:body>#["An unexpected error occurred. Please contact your administrator."]
                                    </http-transform:body>
                                    <http-transform:headers>#[{ 'Content-Type': "text/plain" }]</http-transform:headers>
                                </http-transform:set-response>
                                <!--No log statement here because in this case logging is handled by the Groovy script.-->
                            </otherwise>
                        </choice>
                    </when>
                </choice>
                <error-handler>
                    <on-error-propagate>
                        <http-transform:set-response statusCode="502" reasonPhrase="Bad Gateway">
                            <http-transform:body>#["An unexpected error occurred. Please contact your administrator."]
                            </http-transform:body>
                            <http-transform:headers>#[{ 'Content-Type': "text/plain" }]</http-transform:headers>
                        </http-transform:set-response>
                        <logger message="Mule error in processing response.  Error type: #[error.errorType]"/>
                    </on-error-propagate>
                </error-handler>
            </try>
        </http-policy:source>
        <http-policy:operation>
            <http-policy:execute-next/>
            <set-variable variableName="content-length" value="#[attributes.headers.'content-length']"/>
        </http-policy:operation>
    </http-policy:proxy>
</mule>