<?xml version="1.0" encoding="UTF-8" standalone="yes"?>
<KeyValueMapOperations continueOnError="false" enabled="true" name="Load-KVM-Config" mapIdentifier="PingAuth">
    <DisplayName>Load KVM Config</DisplayName>
    <Properties/>
    <ExpiryTimeInSecs>300</ExpiryTimeInSecs>
    <!-- remove this line in order to use the InitialEntries block below
    <InitialEntries>
        <Entry>
            <Key>
                <Parameter>service_host_port</Parameter>
            </Key>
            <Value>pingauth.example.com:8443</Value>
        </Entry>
        <Entry>
            <Key>
                <Parameter>service_base_path</Parameter>
            </Key>
            <Value>/</Value>
        </Entry>
        <Entry>
            <Key>
                <Parameter>shared_secret</Parameter>
            </Key>
            <Value>password</Value>
        </Entry>
        <Entry>
            <Key>
                <Parameter>secret_header_name</Parameter>
            </Key>
            <Value>CLIENT-TOKEN</Value>
        </Entry>
    </InitialEntries>
    -->
    <Get assignTo="PingAuth.serviceHostPort" index="1">
        <Key>
            <Parameter>service_host_port</Parameter>
        </Key>
    </Get>
    <Get assignTo="PingAuth.serviceBasePath" index="1">
        <Key>
            <Parameter>service_base_path</Parameter>
        </Key>
    </Get>
    <Get assignTo="private.PingAuth.sharedSecret" index="1">
        <Key>
            <Parameter>shared_secret</Parameter>
        </Key>
    </Get>
    <Get assignTo="PingAuth.secretHeaderName" index="1">
        <Key>
            <Parameter>secret_header_name</Parameter>
        </Key>
    </Get>
    <Scope>environment</Scope>
</KeyValueMapOperations>