<?xml version="1.0" encoding="UTF-8" standalone="yes"?>
<RaiseFault async="false" continueOnError="false" enabled="true" name="Raise-Error-Response">
    <DisplayName>Raise Error Response</DisplayName>
    <Properties/>
    <FaultResponse>
        <Copy source="PingAuth.faultResponse">
            <Headers/>
        </Copy>
        <Set>
            <Payload>{PingAuth.fault.payload}</Payload>
            <StatusCode>{PingAuth.fault.statusCode}</StatusCode>
            <ReasonPhrase>{PingAuth.fault.reasonPhase}</ReasonPhrase>
        </Set>
    </FaultResponse>
    <IgnoreUnresolvedVariables>true</IgnoreUnresolvedVariables>
</RaiseFault>