<?xml version="1.0" encoding="UTF-8" standalone="yes"?>
<AssignMessage continueOnError="false" enabled="true" name="Remove-Unsupported-Headers">
    <DisplayName>Remove Unsupported Headers</DisplayName>
    <Properties/>
    <Remove>
        <Headers>
            <!-- Removes accept-encoding so that we can handle response data -->
            <Header name="accept-encoding"/>
        </Headers>
    </Remove>
    <IgnoreUnresolvedVariables>true</IgnoreUnresolvedVariables>
    <AssignTo createNew="false" transport="http" type="request"/>
</AssignMessage>