<?xml version="1.0" encoding="UTF-8" standalone="yes"?>
<AssignMessage continueOnError="false" enabled="true" name="Sideband-Call-Init">
    <DisplayName>Sideband Call Init</DisplayName>
    <Properties/>
    <Set>
        <Verb>POST</Verb>
        <Headers>
            <Header name="Accept">application/json</Header>
            <Header name="Content-Type">application/json</Header>
            <Header name="X-Request-Id">{messageid}</Header>
        </Headers>
    </Set>
    <IgnoreUnresolvedVariables>false</IgnoreUnresolvedVariables>
    <AssignTo createNew="true" transport="http" type="request">PingAuth.calloutRequest</AssignTo>
</AssignMessage>