<?xml version="1.0" encoding="UTF-8" standalone="yes"?>
<ServiceCallout async="false" continueOnError="false" enabled="true" name="Sideband-Call">
    <DisplayName>Sideband Call</DisplayName>
    <Properties/>
    <Request clearPayload="true" variable="PingAuth.calloutRequest">
        <!-- everything is set in init policy or in javascript -->
    </Request>
    <Response>PingAuth.calloutResponse</Response>
    <HTTPTargetConnection>
        <Properties>
            <Property name="connection.timeout.millis">10000</Property>
            <Property name="io.timeout.millis">10000</Property>
            <Property name="keepalive.timeout.millis">10000</Property>
            <Property name="success.codes">1XX,2XX,3XX,4XX</Property>
        </Properties>
        <URL>https://{PingAuth.serviceHostPort}</URL>
        <SSLInfo>
            <Enabled>true</Enabled>
            <!--<TrustStore>ref://PingAuthTrust</TrustStore>-->
            <!--<IgnoreValidationErrors>true</IgnoreValidationErrors>-->
        </SSLInfo>
    </HTTPTargetConnection>
</ServiceCallout>