<?xml version="1.0" encoding="UTF-8" standalone="yes"?>
<SharedFlow name="pingauth">
    <Step>
        <Name>Load-KVM-Config</Name>
    </Step>
    <Step>
        <Name>Remove-Unsupported-Headers</Name>
    </Step>
    <Step>
        <Name>Sideband-Call-Init</Name>
    </Step>
    <Step>
        <Name>Sideband-Call-Prepare</Name>
    </Step>
    <Step>
        <Name>Sideband-Call</Name>
    </Step>
    <Step>
        <Name>Error-Response-Init</Name>
    </Step>
    <Step>
        <Name>Handle-Sideband-Response</Name>
    </Step>
    <Step>
        <Name>Raise-Error-Response</Name>
        <Condition>PingAuth.fault.statusCode != null</Condition>
    </Step>
</SharedFlow>
