<SharedFlowBundle revision="58" name="PingAuth">
    <DisplayName>PingAuth</DisplayName>
    <Description>Use Ping authorization policies to extend the authorization and enforcement capabilities of Apigee API Gateways</Description>
    <CreatedAt>1657387218151</CreatedAt>
    <LastModifiedAt>1657387218151</LastModifiedAt>
    <Policies>
        <Policy>Handle-Sideband-Response</Policy>
        <Policy>Remove-Unsupported-Headers</Policy>
        <Policy>Raise-Error-Response</Policy>
        <Policy>Sideband-Call-Init</Policy>
        <Policy>Error-Response-Init</Policy>
        <Policy>Load-KVM-Config</Policy>
        <Policy>Sideband-Call</Policy>
        <Policy>Sideband-Call-Prepare</Policy>
    </Policies>
    <Resources>
        <Resource>jsc://HandleResponseUtil.js</Resource>
        <Resource>jsc://Handle-Response.js</Resource>
        <Resource>jsc://Prepare-Request.js</Resource>
        <Resource>jsc://PrepareRequestUtil.js</Resource>
    </Resources>
    <SharedFlows>
        <SharedFlow>pingauth</SharedFlow>
    </SharedFlows>
    <subType>SharedFlow</subType>
</SharedFlowBundle>
