{
  "companyId": "c9c4f0ee-a152-49b7-871e-60a54397c553",
  "authTokenExpireIds": [],
  "connectorIds": [
    "pingOneAuthenticationConnector",
    "flowConnector",
    "functionsConnector",
    "annotationConnector"
  ],
  "createdDate": 1741627271937,
  "currentVersion": 44,
  "customerId": "cb8ba89404ffa6443cec9dec64365b35",
  "deployedDate": 1741627289822,
  "description": "Handle external authentication requests from Microsoft Entra ID through its external authentication method framework",
  "flowStatus": "enabled",
  "isOutputSchemaSaved": false,
  "name": "Entra ID External Authentication Method Sample Flow",
  "publishedVersion": 44,
  "settings": {
    "csp": "worker-src 'self' blob:; script-src 'self' https://cdn.jsdelivr.net https://code.jquery.com https://devsdk.singularkey.com http://cdnjs.cloudflare.com 'unsafe-inline' 'unsafe-eval';",
    "intermediateLoadingScreenCSS": "",
    "intermediateLoadingScreenHTML": "",
    "pingOneFlow": true,
    "logLevel": 2
  },
  "timeouts": "null",
  "trigger": {
    "type": "AUTHENTICATION"
  },
  "updatedDate": 1741627289873,
  "flowId": "2f481e974777151037aa39232ed1a475",
  "versionId": 44,
  "graphData": {
    "elements": {
      "nodes": [
        {
          "data": {
            "id": "av3s2wb650",
            "nodeType": "EVAL",
            "label": "Evaluator"
          },
          "position": {
            "x": 424,
            "y": 390
          },
          "group": "nodes",
          "removed": false,
          "selected": false,
          "selectable": true,
          "locked": false,
          "grabbable": true,
          "pannable": false,
          "classes": ""
        },
        {
          "data": {
            "id": "zr6mib7jr1",
            "nodeType": "CONNECTION",
            "connectionId": "c3e6a164bde107954e93f5c09f0c8bce",
            "connectorId": "pingOneAuthenticationConnector",
            "name": "PingOne Authentication",
            "label": "PingOne Authentication",
            "status": "configured",
            "capabilityName": "returnSuccessResponseRedirect",
            "type": "action",
            "properties": {
              "idleTimeout": {
                "value": 43200
              },
              "userId": {
                "value": "[\n  {\n    \"children\": [\n      {\n        \"text\": \"\"\n      },\n      {\n        \"text\": \"\"\n      },\n      {\n        \"type\": \"link\",\n        \"src\": \"pingIdentity.svg\",\n        \"url\": \"id\",\n        \"data\": \"{{local.dmefsfqo67.payload.output.user.id}}\",\n        \"tooltip\": \"{{local.dmefsfqo67.payload.output.user.id}}\",\n        \"children\": [\n          {\n            \"text\": \"id\"\n          }\n        ]\n      },\n      {\n        \"text\": \"\"\n      }\n    ]\n  }\n]"
              },
              "authenticationMethods": {
                "value": "useCustomAuthenticationMethods"
              },
              "customAuthenticationMethods": {
                "value": "[\n  {\n    \"children\": [\n      {\n        \"text\": \"\"\n      },\n      {\n        \"text\": \"\"\n      },\n      {\n        \"type\": \"link\",\n        \"src\": \"functions.svg\",\n        \"url\": \"entraIdAmr\",\n        \"data\": \"{{local.u339srre0c.payload.output.entraIdAmr}}\",\n        \"tooltip\": \"{{local.u339srre0c.payload.output.entraIdAmr}}\",\n        \"children\": [\n          {\n            \"text\": \"entraIdAmr\"\n          }\n        ]\n      },\n      {\n        \"text\": \"\"\n      },\n      {\n        \"text\": \"\"\n      }\n    ]\n  }\n]"
              },
              "nodeTitle": {
                "value": "Mint Tokens"
              },
              "nodeDescription": {
                "value": "Return to PingOne SSO to mint ID token"
              }
            }
          },
          "position": {
            "x": 1564,
            "y": 390
          },
          "group": "nodes",
          "removed": false,
          "selected": false,
          "selectable": true,
          "locked": false,
          "grabbable": true,
          "pannable": false,
          "classes": ""
        },
        {
          "data": {
            "id": "mfhxnowlgb",
            "nodeType": "CONNECTION",
            "connectionId": "2581eb287bb1d9bd29ae9886d675f89f",
            "connectorId": "flowConnector",
            "name": "Flow Connector",
            "label": "Flow Connector",
            "status": "configured",
            "capabilityName": "startUiSubFlow",
            "type": "trigger",
            "properties": {
              "subFlowId": {
                "value": {
                  "label": "PingID - Authentication Subflow",
                  "value": "8307d4b7b326fb53b868ffd5ec6fd7bc"
                }
              },
              "pingIdUserId": {
                "value": "[\n  {\n    \"children\": [\n      {\n        \"text\": \"\"\n      },\n      {\n        \"text\": \"\"\n      },\n      {\n        \"type\": \"link\",\n        \"src\": \"pingIdentity.svg\",\n        \"url\": \"id\",\n        \"data\": \"{{local.dmefsfqo67.payload.output.user.id}}\",\n        \"tooltip\": \"{{local.dmefsfqo67.payload.output.user.id}}\",\n        \"children\": [\n          {\n            \"text\": \"id\"\n          }\n        ]\n      },\n      {\n        \"text\": \"\"\n      }\n    ]\n  }\n]"
              },
              "nodeTitle": {
                "value": "PingID"
              },
              "nodeDescription": {
                "value": "Invoke PingID for the linked user"
              },
              "subFlowVersionId": {
                "value": -1
              }
            }
          },
          "position": {
            "x": 754,
            "y": 390
          },
          "group": "nodes",
          "removed": false,
          "selected": false,
          "selectable": true,
          "locked": false,
          "grabbable": true,
          "pannable": false,
          "classes": ""
        },
        {
          "data": {
            "id": "rxbwvia1yb",
            "nodeType": "EVAL"
          },
          "position": {
            "x": 874,
            "y": 390
          },
          "group": "nodes",
          "removed": false,
          "selected": false,
          "selectable": true,
          "locked": false,
          "grabbable": true,
          "pannable": false,
          "classes": ""
        },
        {
          "data": {
            "id": "u339srre0c",
            "nodeType": "CONNECTION",
            "connectionId": "de650ca45593b82c49064ead10b9fe17",
            "connectorId": "functionsConnector",
            "name": "Functions",
            "label": "Functions",
            "status": "configured",
            "capabilityName": "customFunction",
            "type": "trigger",
            "properties": {
              "variableInputList": {
                "value": [
                  {
                    "name": "pingIdAmr",
                    "preferredDataType": "string",
                    "value": "[\n  {\n    \"children\": [\n      {\n        \"text\": \"\"\n      },\n      {\n        \"text\": \"\"\n      },\n      {\n        \"type\": \"link\",\n        \"src\": \"flow-connector.svg\",\n        \"url\": \"authenticationMethodReference(AMR)\",\n        \"data\": \"{{local.mfhxnowlgb.payload.output.authenticationMethodReference(AMR)}}\",\n        \"tooltip\": \"{{local.mfhxnowlgb.payload.output.authenticationMethodReference(AMR)}}\",\n        \"children\": [\n          {\n            \"text\": \"authenticationMethodReference(AMR)\"\n          }\n        ]\n      },\n      {\n        \"text\": \"\"\n      }\n    ]\n  }\n]"
                  },
                  {
                    "name": "error",
                    "preferredDataType": "string",
                    "value": "[\n  {\n    \"children\": [\n      {\n        \"text\": \"\"\n      },\n      {\n        \"text\": \"\"\n      },\n      {\n        \"type\": \"link\",\n        \"src\": \"flow-connector.svg\",\n        \"url\": \"message\",\n        \"data\": \"{{local.mfhxnowlgb.payload.error.message}}\",\n        \"tooltip\": \"{{local.mfhxnowlgb.payload.error.message}}\",\n        \"children\": [\n          {\n            \"text\": \"message\"\n          }\n        ]\n      },\n      {\n        \"text\": \"\"\n      }\n    ]\n  }\n]"
                  }
                ]
              },
              "code": {
                "value": "const findFirstKeyWithValue = (map, values) => {\n  for (const value of values) {\n    const lowerCaseValue = value.toLowerCase();\n    for (const [key, array] of Object.entries(map)) {\n      if (array.some(item => item.toLowerCase() === lowerCaseValue)) {\n        return key.toLowerCase();\n      }\n    }\n  }\n  return null;\n};\n\nconst entraIdAmrToPingIdAmrMap = {\n  FACE: [],\n  FIDO: [\"FIDO2_BIOMETRICS\"],\n  FPT: [\"MOBILE_APP_BIOMETRICS\"],\n  HWK: [\"YUBIKEY\", \"OATH_TOKEN\"],\n  IRIS: [],\n  OTP: [\"EMAIL\", \"AUTHENTICATOR_APP\", \"MOBILE_APP_OTP\", \"DESKTOP_OTP\"],\n  POP: [\"MOBILE_APP_SWIPE\"],\n  RETINA: [],\n  SC: [],\n  SMS: [\"SMS\"],\n  SWK: [\"SECURITY_KEY\"],\n  TEL: [\"VOICE\"],\n  VBM: [],\n};\n\nmodule.exports = a = async ({params}) => {\n  const pingIdError = params.error;\n\tconst pingIdAmrOutput = params.pingIdAmr;\n  const pingIdAmrArray = pingIdAmrOutput.split(' ');\n\n\tlet entraIdAmr = findFirstKeyWithValue(entraIdAmrToPingIdAmrMap, pingIdAmrArray);\n  if (entraIdAmr == null && !pingIdError) {\n    entraIdAmr = \"pop\";\n  }\n\n\treturn { entraIdAmr };\n};"
              },
              "outputSchema": {
                "value": "{\n\t\"output\": {\n\t\t\"type\": \"object\",\n\t\t\"properties\": {\n\t\t\t\"entraIdAmr\": {\n\t\t\t\t\"type\": \"string\"\n\t\t\t}\n\t\t}\n\t}\n}"
              },
              "nodeTitle": {
                "value": "Map PingID AMR Value"
              },
              "nodeDescription": {
                "value": "Map the PingID AMR value to a valid Entra ID AMR value"
              }
            }
          },
          "position": {
            "x": 1174,
            "y": 390
          },
          "group": "nodes",
          "removed": false,
          "selected": false,
          "selectable": true,
          "locked": false,
          "grabbable": true,
          "pannable": false,
          "classes": ""
        },
        {
          "data": {
            "id": "dmefsfqo67",
            "nodeType": "CONNECTION",
            "connectionId": "c3e6a164bde107954e93f5c09f0c8bce",
            "connectorId": "pingOneAuthenticationConnector",
            "name": "PingOne Authentication",
            "label": "PingOne Authentication",
            "status": "configured",
            "capabilityName": "loginFirstFactor",
            "type": "action",
            "properties": {
              "identityProvider": {
                "value": "19e30871-477d-4672-b724-6ecba2959ee4"
              },
              "population": {
                "value": "056100a3-7034-4766-a4a2-82a6d5e97c4c"
              },
              "idTokenHint": {
                "value": "[\n  {\n    \"children\": [\n      {\n        \"text\": \"{{global.parameters.authorizationRequest.id_token_hint}}\"\n      }\n    ]\n  }\n]"
              },
              "policyPurpose": {
                "value": "ENTRA_ID"
              },
              "nodeTitle": {
                "value": "Entra ID external authentication method (EAM)"
              },
              "nodeDescription": {
                "value": "Process EAM requests from Entra ID"
              }
            }
          },
          "position": {
            "x": 304,
            "y": 390
          },
          "group": "nodes",
          "removed": false,
          "selected": false,
          "selectable": true,
          "locked": false,
          "grabbable": true,
          "pannable": false,
          "classes": ""
        },
        {
          "data": {
            "id": "w913hy4jc9",
            "nodeType": "EVAL"
          },
          "position": {
            "x": 1294,
            "y": 390
          },
          "group": "nodes",
          "removed": false,
          "selected": false,
          "selectable": true,
          "locked": false,
          "grabbable": true,
          "pannable": false,
          "classes": ""
        },
        {
          "data": {
            "id": "xofs9gkyyh",
            "nodeType": "ANNOTATION",
            "name": "Annotation",
            "connectionId": "921bfae85c38ed45045e07be703d86b8",
            "connectorId": "annotationConnector",
            "capabilityName": "updateAnnotationProperties",
            "type": "action",
            "properties": {
              "backgroundColor": {
                "value": "#4462edff"
              },
              "annotationTextColor": {
                "value": "#ffffffff"
              },
              "annotation": {
                "value": "Sample flow to handle external authentication request from Microsoft Entra ID"
              },
              "cornerRadius": {
                "value": 8
              },
              "fontSize": {
                "value": 16
              },
              "fontStyle": {
                "value": "bold"
              },
              "fontFamily": {
                "value": "sans-serif"
              },
              "width": {
                "value": 1500
              }
            },
            "status": "configured"
          },
          "position": {
            "x": 222,
            "y": 278
          },
          "group": "nodes",
          "removed": false,
          "selected": false,
          "selectable": true,
          "locked": false,
          "grabbable": true,
          "pannable": false,
          "classes": ""
        },
        {
          "data": {
            "id": "0rfr0sfjer",
            "nodeType": "ANNOTATION",
            "name": "Annotation",
            "connectionId": "921bfae85c38ed45045e07be703d86b8",
            "connectorId": "annotationConnector",
            "capabilityName": "updateAnnotationProperties",
            "type": "action",
            "properties": {
              "backgroundColor": {
                "value": "#ffffffff"
              },
              "annotationTextColor": {
                "value": "#000000"
              },
              "cornerRadius": {
                "value": 8
              },
              "fontSize": {
                "value": 14
              },
              "fontFamily": {
                "value": "sans-serif"
              },
              "annotation": {
                "value": "Last updated: March 5, 2025"
              }
            },
            "status": "configured"
          },
          "position": {
            "x": 218,
            "y": 214
          },
          "group": "nodes",
          "removed": false,
          "selected": false,
          "selectable": true,
          "locked": false,
          "grabbable": true,
          "pannable": false,
          "classes": ""
        },
        {
          "data": {
            "id": "z4keyiao3i",
            "nodeType": "ANNOTATION",
            "name": "Annotation",
            "connectionId": "921bfae85c38ed45045e07be703d86b8",
            "connectorId": "annotationConnector",
            "capabilityName": "updateAnnotationProperties",
            "type": "action",
            "properties": {
              "backgroundColor": {
                "value": "#f7f789ff"
              },
              "annotationTextColor": {
                "value": "#000000"
              },
              "cornerRadius": {
                "value": 8
              },
              "fontSize": {
                "value": 14
              },
              "fontFamily": {
                "value": "sans-serif"
              },
              "annotation": {
                "value": "PingID - Authentication Subflow (a Template Flow)"
              }
            },
            "status": "configured",
            "idUnique": "y2y0ywizul"
          },
          "position": {
            "x": 664,
            "y": 480
          },
          "group": "nodes",
          "removed": false,
          "selected": false,
          "selectable": true,
          "locked": false,
          "grabbable": true,
          "pannable": false,
          "classes": ""
        },
        {
          "data": {
            "id": "p9c7m2opr3",
            "nodeType": "ANNOTATION",
            "name": "Annotation",
            "connectionId": "921bfae85c38ed45045e07be703d86b8",
            "connectorId": "annotationConnector",
            "capabilityName": "updateAnnotationProperties",
            "type": "action",
            "properties": {
              "backgroundColor": {
                "value": "#f7f789ff"
              },
              "annotationTextColor": {
                "value": "#000000"
              },
              "cornerRadius": {
                "value": 8
              },
              "fontSize": {
                "value": 14
              },
              "fontFamily": {
                "value": "sans-serif"
              },
              "annotation": {
                "value": "Policy Purpose: Entra ID External Authentication Method"
              }
            },
            "status": "configured",
            "idUnique": "so2svfgfwf"
          },
          "position": {
            "x": 214,
            "y": 480
          },
          "group": "nodes",
          "removed": false,
          "selected": false,
          "selectable": true,
          "locked": false,
          "grabbable": true,
          "pannable": false,
          "classes": ""
        }
      ],
      "edges": [
        {
          "data": {
            "id": "2uwhpce0hb",
            "source": "w913hy4jc9",
            "target": "zr6mib7jr1"
          },
          "position": {
            "x": 0,
            "y": 0
          },
          "group": "edges",
          "removed": false,
          "selected": false,
          "selectable": true,
          "locked": false,
          "grabbable": true,
          "pannable": true,
          "classes": ""
        },
        {
          "data": {
            "id": "4460yrex6o",
            "source": "mfhxnowlgb",
            "target": "rxbwvia1yb"
          },
          "position": {
            "x": 0,
            "y": 0
          },
          "group": "edges",
          "removed": false,
          "selected": false,
          "selectable": true,
          "locked": false,
          "grabbable": true,
          "pannable": true,
          "classes": ""
        },
        {
          "data": {
            "id": "0qmkbhn8hk",
            "source": "dmefsfqo67",
            "target": "av3s2wb650"
          },
          "position": {
            "x": 0,
            "y": 0
          },
          "group": "edges",
          "removed": false,
          "selected": false,
          "selectable": true,
          "locked": false,
          "grabbable": true,
          "pannable": true,
          "classes": ""
        },
        {
          "data": {
            "id": "lffxypc3ym",
            "source": "rxbwvia1yb",
            "target": "u339srre0c"
          },
          "position": {
            "x": 0,
            "y": 0
          },
          "group": "edges",
          "removed": false,
          "selected": false,
          "selectable": true,
          "locked": false,
          "grabbable": true,
          "pannable": true,
          "classes": ""
        },
        {
          "data": {
            "id": "7ntq27upb6",
            "source": "u339srre0c",
            "target": "w913hy4jc9"
          },
          "position": {
            "x": 0,
            "y": 0
          },
          "group": "edges",
          "removed": false,
          "selected": false,
          "selectable": true,
          "locked": false,
          "grabbable": true,
          "pannable": true,
          "classes": ""
        },
        {
          "data": {
            "id": "edj5r352wi",
            "source": "av3s2wb650",
            "target": "mfhxnowlgb"
          },
          "position": {
            "x": 0,
            "y": 0
          },
          "group": "edges",
          "removed": false,
          "selected": false,
          "selectable": true,
          "locked": false,
          "grabbable": true,
          "pannable": true,
          "classes": ""
        }
      ]
    },
    "data": {},
    "zoomingEnabled": true,
    "userZoomingEnabled": true,
    "zoom": 1,
    "minZoom": 1e-50,
    "maxZoom": 1e+50,
    "panningEnabled": true,
    "userPanningEnabled": true,
    "pan": {
      "x": 0,
      "y": 0
    },
    "boxSelectionEnabled": true,
    "renderer": {
      "name": "null"
    }
  },
  "flowColor": "#e4e2e1",
  "savedDate": 1741627271840,
  "variables": [],
  "connections": []
}