<?xml version="1.0" encoding="utf-8" ?> 
<!--
	 This is a properties file for specifying user attributes

	 The default attributes are "subject" and "UserPassword". Additional attributes can
	 be added to the XML. Please note that the attributes should be added for all users 
	 to have a consistent XML schema
-->

<Users>
     <User>
        <subject>joe</subject>
        <UserPassword>test</UserPassword>
       <multiValue>[value1,value2,value3]</multiValue>
        <authnContext>urn:oasis:names:tc:SAML:2.0:ac:classes:Password</authnContext>        
    </User>
     <User>
        <subject>sarah</subject>
        <UserPassword>test</UserPassword>
       <multiValue>[value1,value2,value3]</multiValue>
       <authnContext>urn:oasis:names:tc:SAML:2.0:ac:classes:Password</authnContext>
     </User>
     <User>
        <subject>idp</subject>
        <UserPassword>test</UserPassword>
       <multiValue>[value1,value2,value3]</multiValue>
       <authnContext>urn:oasis:names:tc:SAML:2.0:ac:classes:Password</authnContext>
     </User>
   </Users>