<?xml version="1.0" encoding="UTF-8"?>
<Plugin name="PingCustomAuthPlugin" type="Authentication">
<author>Yasir Faruqi</author>
<email>yfaruqi@pingidentity.com</email>
<creationDate>11:40:20,2012-24-10</creationDate>
<version>1</version>
<description>Ping Identity Custom SP Authentication Plugin</description>
<interface>oracle.security.am.plugin.authn.AbstractAuthenticationPlugIn</interface>
<implementation>PingCustomAuthPlugin</implementation>
<configuration>
<AttributeValuePair>
<Attribute type="String" length="20">pluginSecret</Attribute>
<mandatory>true</mandatory>
<instanceOverride>false</instanceOverride>
<globalUIOverride>true</globalUIOverride>
<value></value>
</AttributeValuePair>
</configuration>	
</Plugin>
