{
  "meta": {
    "origin": "https://openam-bnagansur4.forgeblocks.com/platform/?realm=alpha#/journeys",
    "exportedBy": "bnagansur@pingidentity.com",
    "exportDate": "2024-11-21T08:35:26.156Z",
    "exportTool": "platform-admin ui tree export",
    "exportToolVersion": "1.0",
    "treesSelectedForExport": [
      "ForgottenUsername"
    ],
    "innerTreesIncluded": []
  },
  "trees": {
    "ForgottenUsername": {
      "tree": {
        "_id": "ForgottenUsername",
        "_rev": "1703131430",
        "identityResource": "managed/alpha_user",
        "uiConfig": {
          "categories": "[\"Username Reset\"]"
        },
        "entryNodeId": "5e2a7c95-94af-4b23-8724-deb13853726a",
        "innerTreeOnly": false,
        "nodes": {
          "5e2a7c95-94af-4b23-8724-deb13853726a": {
            "x": 139,
            "y": 146,
            "connections": {
              "outcome": "bf9ea8d5-9802-4f26-9664-a21840faac23"
            },
            "nodeType": "PageNode",
            "displayName": "Page Node"
          },
          "b93ce36e-1976-4610-b24f-8d6760b5463b": {
            "x": 767,
            "y": 188,
            "connections": {
              "false": "e301438c-0bd0-429c-ab0c-66126501069a",
              "true": "70e691a5-1e33-4ac3-a356-e7b6d60d92e0"
            },
            "nodeType": "InnerTreeEvaluatorNode",
            "displayName": "Inner Tree Evaluator"
          },
          "bf9ea8d5-9802-4f26-9664-a21840faac23": {
            "x": 324,
            "y": 152,
            "connections": {
              "false": "d9a79f01-2ce3-4be2-a28a-975f35c3c8ca",
              "true": "d9a79f01-2ce3-4be2-a28a-975f35c3c8ca"
            },
            "nodeType": "IdentifyExistingUserNode",
            "displayName": "Identify Existing User"
          },
          "d9a79f01-2ce3-4be2-a28a-975f35c3c8ca": {
            "x": 563,
            "y": 193,
            "connections": {
              "outcome": "b93ce36e-1976-4610-b24f-8d6760b5463b"
            },
            "nodeType": "EmailSuspendNode",
            "displayName": "Email Suspend Node"
          }
        },
        "staticNodes": {
          "startNode": {
            "x": 50,
            "y": 25
          },
          "70e691a5-1e33-4ac3-a356-e7b6d60d92e0": {
            "x": 970,
            "y": 149
          },
          "e301438c-0bd0-429c-ab0c-66126501069a": {
            "x": 982,
            "y": 252
          }
        },
        "description": "Forgotten Username Tree",
        "mustRun": false,
        "enabled": true
      },
      "nodes": {
        "5e2a7c95-94af-4b23-8724-deb13853726a": {
          "_id": "5e2a7c95-94af-4b23-8724-deb13853726a",
          "_rev": "-1421046051",
          "nodes": [
            {
              "_id": "9f1e8d94-4922-481b-9e14-212b66548900",
              "nodeType": "AttributeCollectorNode",
              "displayName": "Attribute Collector"
            }
          ],
          "pageDescription": {
            "en": "Enter your email address or <a href=\"#/service/Login\">Sign in</a>"
          },
          "pageHeader": {
            "en": "Forgotten Username"
          },
          "_type": {
            "_id": "PageNode",
            "name": "Page Node",
            "collection": true
          },
          "_outcomes": [
            {
              "id": "outcome",
              "displayName": "Outcome"
            }
          ]
        },
        "b93ce36e-1976-4610-b24f-8d6760b5463b": {
          "_id": "b93ce36e-1976-4610-b24f-8d6760b5463b",
          "_rev": "1389809903",
          "tree": "Login",
          "_type": {
            "_id": "InnerTreeEvaluatorNode",
            "name": "Inner Tree Evaluator",
            "collection": true
          },
          "_outcomes": [
            {
              "id": "true",
              "displayName": "True"
            },
            {
              "id": "false",
              "displayName": "False"
            }
          ]
        },
        "bf9ea8d5-9802-4f26-9664-a21840faac23": {
          "_id": "bf9ea8d5-9802-4f26-9664-a21840faac23",
          "_rev": "-626658673",
          "identityAttribute": "mail",
          "identifier": "userName",
          "_type": {
            "_id": "IdentifyExistingUserNode",
            "name": "Identify Existing User",
            "collection": true
          },
          "_outcomes": [
            {
              "id": "true",
              "displayName": "True"
            },
            {
              "id": "false",
              "displayName": "False"
            }
          ]
        },
        "d9a79f01-2ce3-4be2-a28a-975f35c3c8ca": {
          "_id": "d9a79f01-2ce3-4be2-a28a-975f35c3c8ca",
          "_rev": "-855513599",
          "emailSuspendMessage": {
            "en": "If the details provided match our records, you will receive an email with further instructions."
          },
          "emailTemplateName": "forgottenUsername",
          "identityAttribute": "mail",
          "emailAttribute": "mail",
          "objectLookup": true,
          "_type": {
            "_id": "EmailSuspendNode",
            "name": "Email Suspend Node",
            "collection": true
          },
          "_outcomes": [
            {
              "id": "outcome",
              "displayName": "Outcome"
            }
          ]
        }
      },
      "innerNodes": {
        "9f1e8d94-4922-481b-9e14-212b66548900": {
          "_id": "9f1e8d94-4922-481b-9e14-212b66548900",
          "_rev": "-1331445210",
          "attributesToCollect": [
            "mail"
          ],
          "identityAttribute": "mail",
          "validateInputs": false,
          "required": true,
          "_type": {
            "_id": "AttributeCollectorNode",
            "name": "Attribute Collector",
            "collection": true
          },
          "_outcomes": [
            {
              "id": "outcome",
              "displayName": "Outcome"
            }
          ]
        }
      },
      "scripts": {},
      "emailTemplates": {
        "forgottenUsername": {
          "_id": "emailTemplate/forgottenUsername",
          "defaultLocale": "en",
          "enabled": true,
          "from": "",
          "html": {
            "en": "<html><body>{{#if object.userName}}<p>Your username is '{{object.userName}}'.</p>{{else}}If you received this email in error, please disregard.{{/if}}<p><a href=\"{{object.resumeURI}}\">Click here to login</a></p></body></html>",
            "fr": "<html><body>{{#if object.userName}}<p>Votre nom d'utilisateur est '{{object.userName}}'.</p>{{else}}Si vous avez reçu cet e-mail par erreur, veuillez ne pas en tenir compte.{{/if}}<p><a href=\"{{object.resumeURI}}\">Cliquez ici pour vous connecter</a></p></body></html>"
          },
          "message": {
            "en": "<html><head></head><body style=\"background-color: #324054; color: #455469; padding: 60px; text-align: center;\"><div class=\"content\" style=\"background-color: #fff; border-radius: 4px; margin: 0 auto; padding: 48px; width: 235px;\"><p>{{#if object.userName}}Your username is '{{object.userName}}'.</p><p>{{else}}If you received this email in error, please disregard.{{/if}}</p><p><a href=\"{{object.resumeURI}}\" style=\"text-decoration: none; color: #109cf1;\">Click here to login</a></p></div></body></html>",
            "fr": "<html><head></head><body style=\"background-color: #324054; color: #455469; padding: 60px; text-align: center;\"><div class=\"content\" style=\"background-color: #fff; border-radius: 4px; margin: 0 auto; padding: 48px; width: 235px;\">{{#if object.userName}}<p>Votre nom d'utilisateur est '{{object.userName}}'.</p>{{else}}Si vous avez reçu cet e-mail par erreur, veuillez ne pas en tenir compte.{{/if}}<p><a href=\"{{object.resumeURI}}\" style=\"text-decoration: none; color: #109cf1;\">Cliquez ici pour vous connecter</a></p></div></body></html>"
          },
          "mimeType": "text/html",
          "styles": "body{background-color:#324054;color:#5e6d82;padding:60px;text-align:center}a{text-decoration:none;color:#109cf1}.content{background-color:#fff;border-radius:4px;margin:0 auto;padding:48px;width:235px}",
          "subject": {
            "en": "Account Information - username",
            "fr": "Informations sur le compte - nom d'utilisateur"
          }
        }
      },
      "socialIdentityProviders": {},
      "themes": [],
      "saml2Entities": {},
      "circlesOfTrust": {}
    }
  }
}