{
  "meta": {
    "origin": "https://openam-bnagansur4.forgeblocks.com/platform/?realm=alpha#/journeys",
    "exportedBy": "bnagansur@pingidentity.com",
    "exportDate": "2024-11-21T08:36:27.118Z",
    "exportTool": "platform-admin ui tree export",
    "exportToolVersion": "1.0",
    "treesSelectedForExport": [
      "Account Recovery"
    ],
    "innerTreesIncluded": []
  },
  "trees": {
    "Account Recovery": {
      "tree": {
        "_id": "Account Recovery",
        "_rev": "-384786402",
        "identityResource": "managed/alpha_user",
        "uiConfig": {
          "categories": "[\"Username Recovery\"]"
        },
        "entryNodeId": "276824f6-f44c-4936-9071-b0327c0af81d",
        "innerTreeOnly": false,
        "nodes": {
          "276824f6-f44c-4936-9071-b0327c0af81d": {
            "x": 130,
            "y": 240.015625,
            "connections": {
              "outcome": "597a421d-9923-46e9-a905-973a455ab89f"
            },
            "nodeType": "PageNode",
            "displayName": "Page Node"
          },
          "597a421d-9923-46e9-a905-973a455ab89f": {
            "x": 327.15625,
            "y": 240.015625,
            "connections": {
              "true": "3575117b-2ca6-4baa-8091-2c0dc8a64bdb",
              "false": "3575117b-2ca6-4baa-8091-2c0dc8a64bdb"
            },
            "nodeType": "IdentifyExistingUserNode",
            "displayName": "Identify Existing User"
          },
          "3575117b-2ca6-4baa-8091-2c0dc8a64bdb": {
            "x": 554,
            "y": 280.015625,
            "connections": {
              "outcome": "612555c9-4e8f-45de-9a7e-a85be7b5c5ee"
            },
            "nodeType": "EmailSuspendNode",
            "displayName": "Email Suspend Node"
          },
          "612555c9-4e8f-45de-9a7e-a85be7b5c5ee": {
            "x": 761,
            "y": 287.015625,
            "connections": {
              "outcome": "931b6fa7-fd39-4813-bbdd-eab1eeaa9f75"
            },
            "nodeType": "DisplayUserNameNode",
            "displayName": "Display Username"
          },
          "931b6fa7-fd39-4813-bbdd-eab1eeaa9f75": {
            "x": 922,
            "y": 201.015625,
            "connections": {
              "true": "70e691a5-1e33-4ac3-a356-e7b6d60d92e0",
              "false": "e301438c-0bd0-429c-ab0c-66126501069a"
            },
            "nodeType": "InnerTreeEvaluatorNode",
            "displayName": "Inner Tree Evaluator"
          }
        },
        "staticNodes": {
          "startNode": {
            "x": 50,
            "y": 250
          },
          "70e691a5-1e33-4ac3-a356-e7b6d60d92e0": {
            "x": 996,
            "y": 75
          },
          "e301438c-0bd0-429c-ab0c-66126501069a": {
            "x": 1063,
            "y": 355
          }
        },
        "mustRun": false,
        "enabled": true
      },
      "nodes": {
        "276824f6-f44c-4936-9071-b0327c0af81d": {
          "_id": "276824f6-f44c-4936-9071-b0327c0af81d",
          "_rev": "1010470860",
          "nodes": [
            {
              "_id": "69102060-596e-4f14-a80f-66ba3dc82311",
              "nodeType": "AttributeCollectorNode",
              "displayName": "Attribute Collector"
            }
          ],
          "pageDescription": {
            "en": "Enter your email address or <a href=\"#/service/Login\">Sign In</a>"
          },
          "pageHeader": {
            "en": "Forgotten Username"
          },
          "_type": {
            "_id": "PageNode",
            "name": "Page Node",
            "collection": true
          },
          "_outcomes": [
            {
              "id": "outcome",
              "displayName": "Outcome"
            }
          ]
        },
        "597a421d-9923-46e9-a905-973a455ab89f": {
          "_id": "597a421d-9923-46e9-a905-973a455ab89f",
          "_rev": "973705114",
          "identityAttribute": "mail",
          "identifier": "userName",
          "_type": {
            "_id": "IdentifyExistingUserNode",
            "name": "Identify Existing User",
            "collection": true
          },
          "_outcomes": [
            {
              "id": "true",
              "displayName": "True"
            },
            {
              "id": "false",
              "displayName": "False"
            }
          ]
        },
        "3575117b-2ca6-4baa-8091-2c0dc8a64bdb": {
          "_id": "3575117b-2ca6-4baa-8091-2c0dc8a64bdb",
          "_rev": "-1986809163",
          "emailSuspendMessage": {
            "en": "If the details provided match our records, you will receive an email with further instructions."
          },
          "emailTemplateName": "emailVerification",
          "identityAttribute": "mail",
          "emailAttribute": "mail",
          "objectLookup": true,
          "_type": {
            "_id": "EmailSuspendNode",
            "name": "Email Suspend Node",
            "collection": true
          },
          "_outcomes": [
            {
              "id": "outcome",
              "displayName": "Outcome"
            }
          ]
        },
        "612555c9-4e8f-45de-9a7e-a85be7b5c5ee": {
          "_id": "612555c9-4e8f-45de-9a7e-a85be7b5c5ee",
          "_rev": "987893314",
          "userName": "userName",
          "identityAttribute": "mail",
          "_type": {
            "_id": "DisplayUserNameNode",
            "name": "Display Username",
            "collection": true
          },
          "_outcomes": [
            {
              "id": "outcome",
              "displayName": "Outcome"
            }
          ]
        },
        "931b6fa7-fd39-4813-bbdd-eab1eeaa9f75": {
          "_id": "931b6fa7-fd39-4813-bbdd-eab1eeaa9f75",
          "_rev": "1182744325",
          "tree": "Login",
          "_type": {
            "_id": "InnerTreeEvaluatorNode",
            "name": "Inner Tree Evaluator",
            "collection": true
          },
          "_outcomes": [
            {
              "id": "true",
              "displayName": "True"
            },
            {
              "id": "false",
              "displayName": "False"
            }
          ]
        }
      },
      "innerNodes": {
        "69102060-596e-4f14-a80f-66ba3dc82311": {
          "_id": "69102060-596e-4f14-a80f-66ba3dc82311",
          "_rev": "-937049864",
          "attributesToCollect": [
            "mail"
          ],
          "identityAttribute": "userName",
          "validateInputs": true,
          "required": true,
          "_type": {
            "_id": "AttributeCollectorNode",
            "name": "Attribute Collector",
            "collection": true
          },
          "_outcomes": [
            {
              "id": "outcome",
              "displayName": "Outcome"
            }
          ]
        }
      },
      "scripts": {},
      "emailTemplates": {
        "emailVerification": {
          "_id": "emailTemplate/emailVerification",
          "advancedEditor": true,
          "defaultLocale": "en",
          "description": "",
          "displayName": "Email Verification",
          "enabled": true,
          "from": "",
          "html": {
            "en": ""
          },
          "message": {
            "en": "<html>\n  <head></head>\n  <body style=\"background-color:#f6f6f6;color:#455469;padding:60px;text-align:center\">\n    <div class=\"content\" style=\"background-color:#fff;border-radius:4px;margin:0 auto;padding:48px;width:600px\">\n      <h1 id=\"emailverification\" style=\"font-size:40px;text-align:center\">Email Verification</h1>\n      <h5 id=\"verifyyouraccount\" style=\"font-size:24px\">Verify Your Account</h5>\n      <p>Finish the steps of verification for the account by clicking the button below. \n              \n        <br />\n        </p>\n        <p>\n          <br />\n          </p>\n          <p>\n            \n              <a href=\"{{object.resumeURI}}\" class=\"button\" style=\"background-color:#109cf1;border:none;color:white;padding:15px 32px;text-align:center;text-decoration:none;display:inline-block;font-size:16px\">Click Here to Verify Your Account</a>\n            \n          </p>\n          <p>This link will expire in 24 hours.</p>\n          <p>\n            <br />\n            </p>\n            <p>-- The Ping Identity Team</p>\n            <p>\n              <a href=\"https://www.pingidentity.com\" style=\"text-decoration:none;color:#109cf1\">www.pingidentity.com</a>\n            </p>\n            <p>Ping Identity | \n                    \n              <a href=\"https://www.pingidentity.com/en-us/docs/legal/privacy\" style=\"text-decoration:none;color:#109cf1\">Privacy Policy</a>\n            </p>\n          </div>\n        </body>\n      </html>"
          },
          "mimeType": "text/html",
          "styles": "body {\n   background-color: #324054;\n   color: #455469;\n   padding: 60px;\n   text-align: center \n}\n a {\n   text-decoration: none;\n   color: #109cf1;\n}\n .content {\n   background-color: #fff;\n   border-radius: 4px;\n   margin: 0 auto;\n   padding: 48px;\n   width: 235px \n}\n",
          "subject": {
            "en": "Email Verification"
          },
          "templateId": "emailVerification"
        }
      },
      "socialIdentityProviders": {},
      "themes": [],
      "saml2Entities": {},
      "circlesOfTrust": {}
    }
  }
}