<?xml version="1.0" encoding="UTF-8" standalone='yes'?>
<jpsConfig xmlns="http://xmlns.oracle.com/oracleas/schema/11/jps-config-11_1.xsd" xmlns:xsi="http://www.w3.org/2001/XMLSchema-instance" xsi:schemaLocation="http://xmlns.oracle.com/oracleas/schema/11/jps-config-11_1.xsd jps-config-11_1.xsd" schema-major-version="11" schema-minor-version="1">

    <!-- This file is served as a config template. It can be used either standalone in non-JRF environment or merged into same jps-config.xml used in JRF environment. -->

    <serviceProviders>
        <serviceProvider type="CREDENTIAL_STORE" name="credstoressp" class="oracle.security.jps.internal.credstore.ssp.SspCredentialStoreProvider">
            <description>SecretStore-based CSF Provider</description>
        </serviceProvider>
    </serviceProviders>

    <serviceInstances>
        <!-- JPS Credential Store Service Instance -->

        <!-- Specify agent key wallet location relative to this jps-config.xml location -->
        <serviceInstance name="credstore" provider="credstoressp" location=".">
            <description>File Based Credential Store Service Instance</description>
        </serviceInstance>
    </serviceInstances>

    <jpsContexts default="default">
        <jpsContext name="default">
            <serviceInstanceRef ref="credstore"/>
        </jpsContext>
    </jpsContexts>

</jpsConfig>
